{"count":1,"self":89.8134912,"total":415.72328849999997,"children":{"InitializeActuators":{"count":12,"self":0.00099739999999999985,"total":0.00099739999999999985,"children":null},"InitializeSensors":{"count":12,"self":0,"total":0,"children":null},"AgentSendState":{"count":210901,"self":10.031948,"total":26.8573184,"children":{"CollectObservations":{"count":506172,"self":2.6840091999999998,"total":2.6840091999999998,"children":null},"CollectDiscreteActionMasks":{"count":506172,"self":1.5806297999999999,"total":1.5806297999999999,"children":null},"RequestDecision":{"count":506172,"self":5.4443063999999994,"total":12.560731299999999,"children":{"AgentInfo.ToProto":{"count":506172,"self":3.8391683999999997,"total":7.1164247,"children":{"GenerateSensorData":{"count":506172,"self":3.2772562,"total":3.2772562,"children":null}}}}}}},"DecideAction":{"count":210901,"self":290.9640192,"total":290.9640245,"children":null},"AgentAct":{"count":210901,"self":8.0296168,"total":8.0864614,"children":{"AgentInfo.ToProto":{"count":2812,"self":0.0269258,"total":0.0568447,"children":{"GenerateSensorData":{"count":2812,"self":0.0299189,"total":0.0299189,"children":null}}}}}},"gauges":{"3DBall.CumulativeReward":{"count":2812,"max":100.099045,"min":0.100000165,"runningAverage":16.9392262,"value":100.099045,"weightedAverage":100.096458}},"metadata":{"timer_format_version":"0.1.0","start_time_seconds":"1603390594","unity_version":"2019.4.10f1","command_line_arguments":"C:\\Users\\bioba\\Documents\\Unity\\versions\\2019.4.10f1\\Editor\\Unity.exe -projectpath C:\/Users\/bioba\/ML Agents Againb -useHub -hubIPC -cloudEnvironment production -hubSessionId 508885c0-146c-11eb-bc10-b58077402105 -accessToken jmI_r4l1Ki5QIlWS6skdpy4PavtPKm6ivt4pBWyGCfA007f","communication_protocol_version":"1.2.0","com.unity.ml-agents_version":"1.5.0-preview","scene_name":"3DBall","end_time_seconds":"1603391010"}}